emotion,input,scenario
0.7876190476190477,0.34155555555555556,0.5060785340314136
1.0,0.7185925925925926,0.611020202020202
