emotion,input,scenario
0.9814285714285714,0.17243506493506494,0.515793414103759
0.7876190476190477,0.5141666666666667,0.5068638743455497
