emotion,input,scenario
0.7142857142857143,0.8321428571428572,0.5580261780104712
0.7142857142857143,0.8808333333333334,0.5260026178010472
1.0,0.8711111111111112,0.535455497382199
0.7142857142857143,0.8321428571428572,0.5564554973821989
1.0,0.8227777777777778,0.5131465968586387
0.7142857142857143,0.40305555555555556,0.5013376963350785
0.7142857142857143,0.8227777777777778,0.5118376963350786
