emotion,input,scenario
0.9180952380952381,0.0,0.4835078534031414
