emotion,input,scenario
0.7142857142857143,0.22697186147186144,0.5052931937172774
