emotion,input,scenario
0.9266666666666666,0.18696969696969695,0.4961020942408377
0.9266666666666666,0.37393939393939396,0.5066020942408377
