emotion,input,scenario
0.8704761904761905,0.34111111111111114,0.5060785340314136
0.9152380952380952,0.57,0.5163167539267016
