emotion,input,scenario
0.7142857142857143,0.22697186147186144,0.5191675392670158
1.0,0.0,0.4963350785340314
0.7142857142857143,0.22697186147186144,0.5175968586387435
