emotion,input,scenario
0.7876190476190477,0.25976190476190475,0.5063403141361257
