emotion,input,scenario
0.9152380952380952,0.28460317460317464,0.4955785340314136
1.0,0.4318888888888889,0.6034066527342389
