emotion,input,scenario
0.7142857142857143,0.22697186147186144,0.5047696335078534
0.7142857142857143,0.22697186147186144,0.5047696335078534
1.0,0.22697186147186144,0.5052931937172774
1.0,0.22697186147186144,0.5060785340314136
