emotion,input,scenario
0.900952380952381,0.41460317460317464,0.5031989528795812
0.7142857142857143,-0.12333333333333334,0.34515470704410794
