emotion,input,scenario
0.7142857142857143,0.6222222222222222,0.32553324555628704
0.8704761904761905,0.4708333333333334,0.5055549738219896
