emotion,input,scenario
1.0,0.5485833333333333,0.6214268547544409
0.8323809523809523,0.731904761904762,0.5165785340314136
1.0,0.3657222222222222,0.6128477882270986
