emotion,input,scenario
0.8571428571428571,0.35051282051282057,0.6185202020202021
0.7142857142857143,0.3206744366744367,0.6007788227098572
