emotion,input,scenario
0.7142857142857143,0.22697186147186144,0.5045078534031414
1.0,0.11348593073593075,0.4945314136125655
