CV,ML,Eval,Spotify,E2E
17295.403480529785,4.036426544189453,48.57134819030762,14875.029563903809,43476.083755493164
17370.855569839478,2.9935836791992188,50.83346366882324,7466.45450592041,24903.22518348694
