CV,ML,Eval,Spotify,E2E
24508.477210998535,15.954732894897461,131.89339637756348,23231.57572746277,70037.353515625
27092.968702316284,8.206844329833984,85.99185943603516,10002.570152282715,37255.388498306274
