CV,ML,Eval,Spotify,E2E
17967.759132385254,12.026309967041016,15.044450759887695,20380.555868148804,53888.21053504944
