CV,ML,Eval,Spotify,E2E
19685.919284820557,4.252910614013672,94.39659118652344,24628.156423568726,55651.98874473572
20049.397468566895,2.544879913330078,96.07148170471191,9507.105588912964,29663.323163986206
20444.927215576172,0.9992122650146484,95.08872032165527,11086.047410964966,31640.89560508728
19016.902685165405,1.9886493682861328,96.41337394714355,11449.034690856934,30572.337865829468
18746.28257751465,2.4530887603759766,105.1795482635498,6897.527456283569,25758.93259048462
18618.937015533447,2.9866695404052734,95.50261497497559,11720.85690498352,30445.802450180054
18160.84384918213,2.9866695404052734,95.66450119018555,6965.817928314209,25232.44857788086
