CV,ML,Eval,Spotify,E2E
20153.66005897522,19.37413215637207,57.64198303222656,17474.39932823181,51826.88403129578
