CV,ML,Eval,Spotify,E2E
21941.8466091156,22.800207138061523,65.32502174377441,20578.644275665283,58379.1663646698
22092.897176742554,3.683805465698242,48.66361618041992,7991.288661956787,30156.750917434692
