CV,ML,Eval,Spotify,E2E
20130.269289016724,13.972043991088867,14.310121536254883,16019.600868225098,51805.052042007446
17988.420486450195,1.5184879302978516,10.558128356933594,8947.743892669678,26956.31742477417
