CV,ML,Eval,Spotify,E2E
17958.171606063843,10.867595672607422,14.304637908935547,18227.367401123047,52952.112674713135
17872.485876083374,2.984285354614258,15.087366104125977,7626.410961151123,25522.958040237427
16638.466119766235,1.99127197265625,13.033151626586914,5363.055944442749,22028.141021728516
21942.456007003784,4.579782485961914,13.790130615234375,5726.398229598999,27701.246738433838
