CV,ML,Eval,Spotify,E2E
17895.456075668335,7.732629776000977,14.356136322021484,17724.25675392151,53441.03384017944
25191.60771369934,8.45026969909668,18.729686737060547,7503.515243530273,32745.233058929443
