CV,ML,Eval,Spotify,E2E
17298.992156982422,4.034757614135742,48.66480827331543,20783.53786468506,49450.886249542236
