CV,ML,Eval,Spotify,E2E
22888.303756713867,25.5129337310791,218.45722198486328,13436.542987823486,57176.748514175415
23516.044855117798,0.0,137.8183364868164,7640.4900550842285,31349.34663772583
