CV,ML,Eval,Spotify,E2E
18481.51993751526,5.298137664794922,10.537147521972656,22856.93621635437,52907.59015083313
18836.594820022583,3.694772720336914,12.61281967163086,9691.323518753052,28557.674646377563
17787.92381286621,1.6062259674072266,10.521411895751953,10892.68970489502,28701.45010948181
