CV,ML,Eval,Spotify,E2E
18195.7426071167,9.59467887878418,40.42625427246094,20595.515727996826,53867.4111366272
18258.765935897827,1.9946098327636719,53.03525924682617,7392.770051956177,25715.049028396606
