CV,ML,Eval,Spotify,E2E
22574.934244155884,15.299797058105469,58.65025520324707,17827.899932861328,59867.28048324585
23235.854387283325,0.0,90.48724174499512,8663.289070129395,32004.000663757324
20657.5186252594,5.190372467041016,58.77947807312012,9699.32746887207,30433.608531951904
