CV,ML,Eval,Spotify,E2E
18376.299381256104,5.077123641967773,57.776689529418945,20772.36771583557,50531.43548965454
17542.66858100891,3.6857128143310547,40.723323822021484,7893.615484237671,25500.15902519226
