CV,ML,Eval,Spotify,E2E
17675.675630569458,4.584074020385742,40.60196876525879,20009.12618637085,48784.70158576965
17097.977876663208,2.0127296447753906,50.79770088195801,7800.663948059082,24958.78529548645
